Time;Afghanistan;Egypt;Albania;Algeria;Angola;Equatorial Guinea;Argentina;Armenia;Azerbaijan;Ethiopia;Australia;Bahrain;Bangladesh;Barbados;Belarus;Belgium;Benin;Bhutan;Bolivia;Bosnia and Herzegovina;Botswana;Brazil;Brunei;Bulgaria;Burkina Faso;Burundi;Chile;Mainland China;Costa Rica;Cote d'Ivoire;Denmark;East Germany;Germany;Dominica;Dominican Republic;Djibouti;Ecuador;El Salvador;Eritrea;Estonia;Eswatini;Fiji;Finland;France;Gabon;The Gambia;Georgia;Ghana;Greece;UK;Guatemala;Guinea;Guinea-Bissau;Guyana;Haiti;Honduras;India;Indonesia;Iraq;Iran;Ireland;Israel;Italy;Jamaika;Japan;Yemen;Jordan;Cambodia;Cameroon;Canada;Cape Verde;Kazakhstan;Qatar;Kenya;Kyrgyzstan;Colombia;Comoros;Congo;DRC;North Korea;South Korea;Kosovo;Croatia;Cuba;Kuwait;Lao People's Democratic Republic;Lesotho;Latvia;Lebanon;Liberia;Libya;Lithuania;Luxembourg;Madagascar;Malawi;Malaysia;Maledives;Mali;Malta;Morocco;Mauritania;Mauritius;North Macedonia;Mexiko;Moldova;Mongolia;Montenegro;Mozambique;Myanmar;Namibia;Nepal;New Zealand;Nicaragua;Netherlands;Niger;Nigeria;Norway;Oman;Austria;Pakistan;Panama;Papua New Guinea;Paraguay;Peru;Philippines;Poland;Portugal;Rwanda;Romania;Russia;Salomon Islands;Zambia;Samoa;San Marino;Sao Tome and Principe;Saudi Arabia;Sweden;Senegal;Serbia;Seychelles;Sierra Leone;Singapore;Slovakia;Slovenia;Somalia;Sowjetunion;Spain;Sri Lanka;Saint Lucia;South Afrika;Sudan;South Sudan;Suriname;Syria;Tajikistan;Taiwan;Tanzania;Thailand;Timor-Leste;Togo;Trinidad and Tobago;Chad;Czech Republic;Czechoslovakia;Tunesia;Turkey;Turkmenistan;Uganda;Ukraine;Hungary;Uruguay;USA;Uzbekistan;United Arab Emirates;Vanuatu;Venezuela;Vietnam;Western Sahara;Central African Republic;Zimbabwe;Cyprus;Stateless;Without Nationality;State unknown;Without declaration
1986-12-31 23:00:00;40;11;2;6;130;0;4;1;0;142;0;0;74;0;0;0;0;0;4;0;0;0;0;13;0;1;250;24;0;0;0;0;1;0;0;0;1;1;9;0;0;0;0;1;4;0;0;108;0;0;0;1;3;0;1;0;206;0;18;941;0;2;5;0;0;0;2;11;0;0;0;0;0;0;0;2;0;3;232;0;0;0;0;0;0;3;0;0;139;1;7;0;0;0;0;0;0;0;0;5;0;0;1;0;0;0;0;5;0;0;0;0;1;0;0;2;0;0;0;394;0;0;1;5;0;188;1;3;85;2;0;0;0;0;0;0;0;3;122;0;0;1;8;0;17;0;1;602;0;1;0;0;0;138;0;0;0;0;1;2;0;1;25;101;10;3989;0;0;0;68;0;0;0;0;0;0;86;0;0;0;0;0;0;24;5
1987-12-31 23:00:00;64;11;3;7;196;0;2;0;0;105;0;0;143;0;0;0;2;1;11;0;0;0;0;7;1;0;308;20;0;2;0;0;4;0;0;0;2;0;17;0;0;0;0;0;1;1;0;99;0;1;2;0;3;0;4;0;401;0;24;494;0;1;0;0;0;0;2;30;3;0;1;0;0;0;0;3;0;6;212;0;0;0;0;2;0;10;0;0;372;0;6;0;0;1;0;0;0;0;0;5;1;0;4;0;0;0;0;1;0;0;0;0;2;0;0;3;0;0;0;577;0;0;0;9;0;160;0;2;77;2;0;1;0;0;0;1;0;0;128;0;4;0;8;0;22;5;0;912;0;4;0;0;0;166;0;0;1;0;0;4;0;7;20;70;44;5845;0;0;0;94;1;0;0;0;0;0;53;0;1;0;0;1;1;40;5
1988-12-31 23:00:00;60;16;10;16;325;4;2;0;0;108;0;0;191;0;1;0;0;0;5;1;0;0;0;25;0;12;137;18;0;1;0;0;2;0;0;0;7;4;26;0;0;0;0;2;1;1;0;112;1;1;0;1;2;0;2;0;707;0;28;295;0;4;1;0;0;1;1;17;1;0;0;0;0;0;0;15;0;1;141;0;0;0;0;0;0;0;0;0;503;1;4;0;0;1;0;0;0;1;0;4;2;0;15;0;0;0;0;0;1;0;0;0;0;1;2;7;0;0;0;654;1;0;1;1;0;282;0;2;156;5;0;0;0;0;0;0;0;2;786;0;0;0;7;0;22;3;1;1466;1;2;1;0;0;89;0;0;0;0;0;4;0;3;10;83;16;9835;0;0;0;87;0;1;0;0;0;0;72;0;0;0;0;3;0;41;4
1989-12-31 23:00:00;134;10;15;25;579;0;1;0;0;112;0;0;483;0;0;0;4;0;1;1;0;4;0;88;4;10;43;47;0;2;0;2;0;0;0;0;15;1;93;0;0;0;0;0;0;4;0;380;0;0;0;7;7;0;4;0;727;0;24;216;0;0;2;0;0;0;21;18;3;2;0;0;0;0;0;8;0;8;429;0;0;0;0;1;1;3;0;0;2499;3;2;0;0;1;0;1;0;8;0;8;1;0;27;0;0;0;0;1;1;1;0;0;4;0;8;99;0;0;0;1033;2;0;0;13;0;267;1;2;414;5;0;1;0;0;0;1;0;6;1351;0;0;0;2;0;90;10;1;4839;0;5;4;0;0;128;0;1;0;0;1;7;0;2;7;168;13;9609;0;0;0;30;0;0;0;0;0;0;58;0;0;0;0;9;0;41;1
1990-12-31 23:00:00;172;25;259;82;1120;0;4;0;0;140;0;0;682;2;0;0;5;0;2;6;0;1;0;671;9;2;13;62;0;5;0;1;7;0;0;0;25;7;166;0;0;0;0;0;3;7;0;470;1;0;0;17;23;0;5;0;1787;0;71;431;0;5;1;0;0;0;26;23;9;3;0;0;0;8;0;12;0;14;785;0;2;0;0;2;17;3;0;0;5528;63;13;0;0;0;0;0;0;5;0;39;7;0;55;0;0;0;0;3;0;0;6;0;0;0;4;307;0;0;0;1268;2;0;0;9;4;561;1;4;1908;16;0;0;0;0;0;0;1;10;5434;0;5;0;2;2;183;64;0;4816;0;11;13;0;0;269;0;2;0;0;1;12;0;5;0;24;67;7611;0;5;4;19;0;0;0;0;0;0;84;0;0;0;0;4;3;228;6
1991-12-31 23:00:00;200;28;1072;128;816;0;0;0;0;241;1;0;591;0;1;0;3;0;5;166;0;0;0;238;11;3;12;69;0;26;1;0;1;0;0;0;37;2;151;0;0;0;0;2;1;34;0;864;0;0;0;13;31;0;0;0;878;0;134;244;0;26;0;0;0;3;49;38;19;1;0;0;0;1;0;26;0;15;1418;0;0;0;152;2;1;5;1;0;1498;99;44;1;0;0;0;1;0;18;0;72;7;1;132;0;0;6;0;1;0;0;15;0;0;0;11;526;0;0;0;1387;2;0;0;26;1;69;0;14;2647;36;0;0;0;0;0;1;0;17;13442;1;5;1;0;0;882;114;0;7501;0;15;38;0;0;190;0;2;0;0;0;44;0;8;2;25;109;4535;0;6;9;10;0;1;2;0;1;0;65;0;2;0;5;9;0;238;8
1992-12-31 23:00:00;258;16;577;205;114;0;2;3;2;66;1;0;227;1;3;0;3;0;4;867;0;2;0;30;2;6;6;71;0;18;0;0;1;0;0;0;42;0;35;9;0;0;0;2;1;12;5;157;2;0;0;6;9;0;4;0;50;0;118;136;0;5;2;0;0;2;17;22;11;0;0;2;0;5;0;11;0;10;710;0;0;0;97;9;3;4;0;0;508;116;27;1;0;0;1;0;1;4;0;32;5;1;63;0;1;7;1;1;2;0;54;0;0;1;1;132;0;0;0;657;3;0;0;16;1;67;0;3;688;38;0;0;0;1;0;1;0;6;5965;0;2;0;0;1;1101;20;0;2960;0;21;57;0;0;149;6;0;0;0;0;23;0;5;1;22;92;1967;0;2;4;3;0;2;0;0;0;0;65;0;1;1;0;4;4;180;28
1993-12-31 23:00:00;141;26;2098;771;487;0;3;27;3;74;0;0;130;0;5;2;1;1;2;6992;0;1;0;23;6;4;1;74;0;30;0;0;0;0;0;0;67;0;17;0;0;0;0;2;1;204;12;82;1;2;0;14;5;0;2;0;28;0;84;109;0;4;1;0;0;2;14;33;19;0;0;0;1;1;1;17;0;8;405;0;0;0;128;7;0;13;0;2;519;234;26;8;0;0;0;0;0;6;0;10;2;0;110;0;7;8;1;0;0;0;61;0;0;0;2;106;0;0;0;434;0;0;0;29;2;18;1;9;198;42;0;0;0;0;0;1;0;39;5495;1;14;0;10;12;2396;4;0;1872;0;27;50;0;0;83;0;0;1;0;1;56;1;11;2;12;54;1281;0;1;22;5;0;3;0;0;0;1;169;0;0;0;0;0;10;159;13
1994-12-31 23:00:00;156;8;61;309;1030;1;0;28;1;100;0;0;302;0;12;0;4;1;10;3363;0;3;0;18;8;43;4;49;0;29;0;0;2;0;0;1;55;1;21;3;0;0;0;3;2;46;5;20;0;0;0;46;4;0;5;0;52;0;149;84;0;1;0;1;0;4;18;24;25;0;0;1;0;3;0;17;0;11;352;1;0;0;67;16;1;8;1;2;187;84;10;3;0;0;2;0;0;21;0;11;8;1;120;0;4;4;2;0;2;0;18;0;0;0;0;139;0;0;0;450;0;0;0;15;0;60;0;140;111;66;0;0;0;0;0;0;1;22;4417;0;51;0;7;4;1003;0;0;1522;0;20;100;0;1;55;4;1;0;0;0;36;0;8;16;0;54;1174;0;3;14;6;0;0;2;0;0;1;219;0;0;0;0;2;3;74;2
1995-12-31 23:00:00;109;5;98;373;517;0;1;22;0;144;0;1;238;0;12;0;0;4;8;3641;0;1;0;33;16;30;0;53;0;39;0;0;0;1;0;0;52;0;33;0;0;0;0;1;1;93;5;22;0;0;0;79;8;1;0;0;161;1;285;117;0;3;0;0;0;27;15;56;33;0;0;0;0;1;0;25;0;12;380;0;0;0;91;19;0;12;0;3;168;103;61;30;0;0;0;0;0;29;0;16;18;0;131;0;13;8;1;0;30;0;7;0;0;0;1;185;0;0;0;454;0;0;0;7;0;4;7;70;82;107;0;2;0;0;0;1;0;28;5715;0;108;0;2;21;593;3;0;1262;0;1;52;0;1;64;0;0;0;0;0;45;0;1;3;1;72;1364;7;2;24;1;0;1;1;0;0;1;157;0;0;1;0;0;7;109;3
1996-12-31 23:00:00;180;12;792;392;492;1;1;52;5;178;0;0;173;0;12;1;0;10;14;1423;0;3;0;27;26;47;1;49;0;19;0;0;1;0;0;0;54;0;36;2;0;0;0;1;2;50;63;17;0;1;0;147;83;0;2;0;197;0;368;140;0;9;1;0;0;10;11;18;47;0;0;13;0;7;0;34;0;22;744;0;0;0;39;21;3;6;0;4;210;42;58;81;0;2;0;0;0;46;0;25;65;2;82;0;33;3;0;1;5;0;11;0;0;1;1;259;0;0;0;512;2;0;0;12;0;11;3;73;72;130;0;1;0;0;0;2;0;47;6116;0;46;0;7;2;828;0;0;2445;0;2;63;0;0;88;2;0;2;0;0;22;0;8;1;0;99;1379;0;3;57;0;1;1;1;0;0;0;129;2;0;1;0;0;9;247;2
1997-12-31 23:00:00;205;9;3337;555;306;0;0;190;10;257;0;0;295;0;26;0;0;3;28;2128;0;4;0;120;33;31;2;36;0;40;0;0;9;0;0;0;92;0;34;4;0;0;0;2;1;61;288;13;1;0;0;217;93;0;3;0;213;0;483;129;0;5;1;0;0;17;10;21;55;1;0;15;0;6;1;109;0;43;660;0;0;0;32;16;4;3;0;12;221;23;44;186;0;0;0;0;0;47;0;37;51;0;165;0;70;16;0;0;0;0;14;0;0;0;3;223;0;0;0;468;0;0;0;5;1;6;1;51;113;168;0;0;0;0;0;2;0;49;7072;0;78;0;9;3;1042;0;0;2626;0;0;45;0;0;93;10;1;0;1;0;62;0;4;7;0;111;1445;0;10;118;1;0;2;2;0;0;1;114;4;3;0;2;1;17;387;3
1998-12-31 23:00:00;232;14;4083;488;449;0;1;480;33;250;1;0;181;0;56;0;3;7;8;2017;0;2;0;161;20;39;6;63;0;73;0;0;8;0;1;0;52;0;114;2;0;0;0;8;1;68;824;9;4;0;0;359;246;0;2;0;169;1;1962;171;0;11;4;0;0;34;15;14;109;5;1;21;0;10;0;451;1;44;600;0;0;0;138;33;3;3;0;13;188;20;177;140;0;0;0;0;0;46;0;61;57;0;171;0;54;111;1;0;2;0;16;0;0;1;1;254;0;0;1;337;0;0;0;6;0;5;5;36;92;181;0;1;0;0;0;1;0;43;20555;0;165;0;5;19;771;0;0;2477;0;5;44;0;0;120;11;1;5;0;0;66;0;1;19;0;172;1598;0;3;182;1;0;1;5;0;0;0;93;2;2;0;0;3;28;430;9
1999-12-31 23:00:00;362;13;1422;489;585;1;0;457;35;232;0;0;155;0;78;0;2;4;1;1547;0;1;0;68;19;18;0;81;0;70;0;0;1;0;0;1;30;0;161;4;0;0;0;5;1;80;334;23;0;1;0;447;261;0;0;0;143;1;1587;208;0;8;2;0;2;71;34;17;116;0;0;37;0;4;1;206;0;31;574;0;1;0;120;22;0;5;0;10;155;30;115;69;0;0;0;0;0;55;0;20;69;0;157;0;49;210;4;1;1;0;32;0;0;0;2;161;0;0;2;342;0;0;0;3;0;2;2;55;273;254;1;0;0;0;2;1;0;35;29491;0;459;0;14;1;630;0;0;1861;0;5;41;0;0;162;9;0;7;0;0;62;1;5;6;0;207;1515;0;11;152;1;1;1;7;0;0;0;71;1;2;0;1;12;18;460;8
2000-12-31 23:00:00;444;11;350;470;407;1;0;405;44;293;1;0;218;1;79;0;1;2;7;1380;0;5;0;60;36;29;1;68;0;83;0;0;3;0;0;0;3;0;88;0;0;0;0;7;2;66;177;10;0;1;0;498;109;0;1;0;135;0;896;731;0;14;4;0;0;106;37;22;121;1;0;23;0;12;5;63;0;37;599;0;1;0;42;12;3;6;0;7;165;26;103;53;0;0;0;0;0;59;0;49;45;0;84;0;34;185;5;0;2;0;23;0;0;0;0;261;0;0;2;243;0;0;0;3;1;115;4;42;53;253;0;0;0;0;0;2;0;42;4662;0;219;0;12;3;611;0;0;1415;0;3;39;0;0;162;5;0;3;0;0;70;0;11;15;0;196;1486;1;6;112;1;0;3;10;0;0;3;61;1;1;1;0;7;20;510;9
2001-12-31 23:00:00;526;12;212;814;622;2;3;354;77;272;0;1;271;0;135;0;29;1;5;1285;0;4;0;232;57;36;6;154;0;122;0;0;7;0;0;1;1;5;74;3;0;0;0;16;2;88;281;31;1;2;0;720;57;0;2;0;181;5;1196;337;0;6;1;0;1;76;19;15;233;0;0;25;1;15;11;74;0;48;677;1;1;0;25;13;0;0;0;18;198;31;80;78;0;0;0;0;0;100;0;41;62;0;895;0;80;188;4;0;5;0;42;0;0;2;6;411;0;0;0;291;0;0;0;3;2;44;1;30;36;439;0;0;0;0;0;0;1;40;3705;0;284;1;27;19;491;0;0;1083;0;11;40;0;0;152;10;0;6;0;0;141;0;17;80;0;171;1995;1;9;158;1;0;4;17;4;0;2;70;2;4;0;1;7;36;692;1
2002-12-31 23:00:00;239;16;160;1018;816;1;0;499;72;373;0;1;295;0;268;3;86;0;7;1603;0;6;0;789;43;42;1;372;0;156;0;0;3;0;0;1;9;0;221;5;0;0;3;18;12;97;692;37;0;6;0;821;74;0;1;0;160;0;1183;293;2;13;4;0;2;45;20;14;338;3;0;35;0;24;15;54;0;41;805;0;1;0;52;15;0;2;0;18;209;77;75;110;0;1;0;1;0;109;1;44;66;1;1087;0;193;284;8;4;4;1;57;0;0;1;62;1233;0;0;0;284;0;0;0;1;1;31;3;36;978;496;0;0;0;0;0;0;1;43;3910;0;198;1;74;15;469;0;0;634;0;4;53;0;0;230;4;1;7;0;0;249;0;26;62;0;180;1958;3;12;287;4;0;2;30;0;0;0;90;3;2;13;1;1;76;873;8
2003-12-31 23:00:00;227;22;118;835;445;1;0;407;60;337;0;0;335;0;328;1;62;3;20;794;0;4;0;290;41;44;1;236;2;191;0;0;2;0;1;1;5;0;253;14;0;0;1;9;6;60;774;17;0;2;0;701;75;0;1;0;205;0;1472;273;0;12;7;1;1;92;18;10;330;4;1;51;0;14;18;39;0;47;606;2;1;0;24;11;0;3;0;23;159;92;93;110;0;10;0;0;1;69;0;63;21;0;361;0;164;319;4;3;6;0;50;0;0;0;21;817;0;1;0;243;0;0;0;0;1;42;2;35;263;485;0;0;0;0;0;0;0;29;3122;0;82;0;205;5;547;0;1;420;0;6;80;0;3;184;9;0;8;0;0;205;0;18;19;0;187;1689;10;7;180;11;0;12;33;0;0;0;56;7;3;18;0;10;91;1075;1
2004-12-31 23:00:00;215;13;79;499;239;4;2;363;73;198;0;0;172;0;132;5;25;0;0;362;0;2;0;648;23;29;1;73;2;142;0;0;5;0;0;1;1;0;197;2;0;0;1;5;5;39;748;13;0;2;0;439;41;0;3;0;84;0;652;201;0;6;1;0;0;26;7;17;201;1;0;15;0;11;22;34;0;27;430;6;2;0;27;7;0;4;0;14;92;38;72;35;0;9;1;0;0;72;0;48;21;0;227;0;124;141;5;3;5;0;26;0;0;2;18;666;1;0;1;217;0;0;0;1;0;11;2;25;198;490;0;0;0;0;0;2;0;19;1937;0;59;0;72;4;649;0;1;308;0;14;86;0;4;132;6;0;3;1;0;178;0;10;6;0;137;1196;3;11;122;12;0;3;19;0;0;0;53;5;1;16;0;3;74;763;3
2005-12-31 23:00:00;243;9;52;210;175;1;1;199;49;125;1;0;58;0;73;0;27;0;2;347;0;1;0;476;5;20;1;94;0;159;0;0;9;0;0;2;9;0;181;3;0;0;0;4;4;21;441;4;1;0;0;238;21;0;2;0;48;2;474;293;0;5;3;2;0;28;8;15;162;0;1;13;0;2;2;47;2;19;339;0;0;0;30;7;1;4;0;11;50;21;56;16;0;0;0;0;4;29;0;33;11;0;144;0;66;72;15;6;6;0;95;0;0;1;10;382;0;0;0;85;0;0;0;0;0;5;0;27;104;353;0;1;0;0;0;0;0;35;1600;0;28;0;4;0;553;0;1;277;0;5;71;0;0;131;0;0;4;0;0;198;0;2;6;0;117;753;1;12;48;3;0;3;9;0;0;0;50;2;1;16;0;1;57;427;2
2006-12-31 23:00:00;248;15;29;170;135;1;0;123;27;292;0;0;55;0;55;0;20;2;0;288;0;6;0;169;1;20;0;477;0;124;0;0;2;0;0;0;5;0;1207;1;0;0;1;2;3;28;319;14;0;3;0;88;31;0;3;0;40;1;844;302;0;9;3;3;0;20;4;13;175;0;0;8;0;11;4;41;0;15;264;1;1;0;7;5;0;6;0;9;66;23;42;3;0;3;0;0;0;19;0;51;7;0;72;0;50;232;11;0;4;2;49;0;0;2;10;302;0;0;0;86;0;0;0;0;0;15;0;32;62;414;0;0;0;0;0;1;2;18;1327;0;28;0;7;0;347;0;0;351;0;9;70;0;0;167;2;0;2;2;0;188;0;7;2;0;87;706;0;14;31;1;0;2;17;0;0;0;30;4;2;19;2;1;39;378;3
2007-12-31 23:00:00;322;20;30;129;127;1;0;47;28;272;0;0;31;0;36;0;20;5;0;147;0;0;0;101;12;10;4;249;0;146;0;0;2;0;0;1;1;0;1661;2;1;0;0;3;1;24;221;7;0;0;1;104;21;0;1;0;25;1;956;231;0;4;2;0;1;42;3;5;140;2;1;1;0;6;11;48;0;11;217;11;7;0;20;5;2;1;0;1;57;12;27;4;0;1;0;1;0;9;0;37;3;1;68;3;37;127;35;0;14;1;11;0;0;1;10;327;0;0;2;46;0;0;0;4;0;8;0;9;539;171;0;0;0;0;0;1;0;24;1030;0;18;0;12;1;464;0;2;636;0;7;53;0;0;301;3;0;0;2;0;111;0;3;7;0;97;616;0;17;22;0;0;0;15;0;0;1;33;1;2;16;0;1;43;197;1
2008-12-31 23:00:00;405;13;27;236;110;6;0;59;32;231;0;0;38;0;38;1;23;11;2;146;0;0;1;10;14;7;0;272;0;157;0;0;2;0;0;1;0;0;2849;0;1;0;0;3;3;204;481;11;1;0;0;239;73;0;1;0;19;0;1440;393;0;7;24;4;0;46;4;4;70;2;1;4;0;23;1;43;0;22;246;2;0;115;4;5;0;1;0;2;35;31;29;2;0;5;0;1;0;27;0;37;29;0;97;2;19;162;26;2;5;0;19;0;0;2;16;988;0;0;1;53;0;0;0;1;2;1;1;12;23;208;0;1;0;0;0;3;0;35;1186;0;35;0;4;0;2014;0;4;1262;0;23;95;0;0;388;1;0;3;0;0;103;0;16;2;0;74;519;2;16;29;1;0;2;8;1;0;0;13;10;1;48;0;2;73;236;370
2009-12-31 23:00:00;751;27;22;300;103;10;0;90;19;183;0;0;45;0;76;0;25;9;1;282;0;1;0;20;18;6;4;365;0;137;0;0;8;0;0;0;3;0;1724;0;1;0;0;0;12;178;638;55;0;0;0;301;182;0;1;1;20;0;935;259;0;1;2;5;0;85;5;9;65;0;3;15;1;13;6;29;1;9;181;0;2;694;1;7;2;1;0;3;26;29;36;5;0;1;2;0;0;37;0;36;40;0;62;1;31;295;16;0;7;0;36;0;0;2;28;1786;0;0;3;98;0;0;0;0;0;2;0;8;48;452;0;0;0;0;0;2;1;78;575;0;65;0;3;0;753;0;0;1415;0;6;111;0;0;400;2;0;5;0;0;123;0;14;6;0;204;559;1;15;29;0;2;2;15;0;0;0;18;8;1;20;1;9;90;211;222
2010-12-31 23:00:00;670;50;16;417;90;7;0;105;37;182;0;3;30;0;76;0;20;4;0;189;0;0;0;24;22;5;1;358;1;102;0;0;9;0;1;1;0;0;1799;0;0;0;0;5;10;208;642;157;1;1;2;281;124;0;6;0;19;0;659;324;0;0;9;4;0;74;6;3;60;0;2;9;0;14;22;33;0;10;192;2;1;602;9;7;0;3;0;1;19;67;36;5;0;0;3;3;0;52;0;125;30;0;417;3;23;113;19;2;4;0;16;0;1;2;42;1969;0;0;0;101;0;0;0;1;0;6;0;7;55;348;0;1;0;0;0;2;0;80;910;0;61;0;3;0;337;0;0;939;0;2;85;0;0;469;8;0;2;0;0;136;0;6;4;0;358;530;1;16;17;5;0;6;15;0;0;0;10;9;0;17;2;12;97;229;8
2011-12-31 23:00:00;1052;111;59;621;104;4;0;105;25;241;0;2;31;0;127;0;12;4;1;233;1;1;0;135;20;11;0;696;0;233;0;0;7;0;0;4;0;0;3356;1;0;0;0;2;7;336;371;235;0;1;0;338;218;0;4;1;24;2;504;397;0;2;9;2;0;51;11;4;67;2;3;20;0;30;6;32;1;18;167;1;1;634;9;4;0;1;1;2;22;78;253;10;0;0;5;0;0;76;0;495;49;0;926;5;30;103;22;0;7;0;13;0;0;0;102;1895;0;0;4;107;0;0;0;2;0;4;0;9;38;254;0;2;0;0;0;0;2;145;1217;0;88;0;5;1;636;0;6;470;0;6;124;1;0;826;0;0;12;0;0;105;1;25;7;0;2574;580;4;25;26;10;0;7;16;0;0;2;9;7;1;31;0;3;85;266;2
2012-12-31 23:00:00;1386;177;82;762;85;11;0;109;17;328;2;3;62;0;158;0;39;3;1;515;1;0;0;63;26;5;1;808;0;128;0;0;4;0;2;2;1;0;4407;1;0;1;0;5;7;574;726;379;10;1;1;359;403;0;8;3;22;0;452;373;0;4;14;0;0;31;13;4;60;0;2;4;0;19;28;35;1;7;227;3;1;579;43;5;0;1;1;1;27;84;206;1;0;0;3;1;0;226;0;931;78;0;1137;1;20;73;43;3;19;2;36;0;0;3;130;2746;0;0;0;171;0;0;0;2;0;5;1;20;33;338;1;3;0;0;2;1;1;316;1889;0;96;0;17;0;808;0;9;494;0;9;161;10;0;1229;9;0;12;0;0;118;0;198;8;0;2239;568;1;20;30;16;1;1;10;0;0;1;7;10;1;18;2;18;131;224;6
2013-12-31 23:00:00;892;198;105;792;53;8;0;153;30;246;0;0;87;0;133;1;42;0;0;221;1;3;0;22;27;5;1;675;0;95;0;0;7;0;1;5;0;0;2563;2;1;0;1;2;5;474;653;185;1;0;0;347;292;0;2;0;29;0;397;218;0;4;18;3;0;47;10;3;82;0;4;18;0;20;2;12;0;9;198;9;1;698;6;5;2;0;0;4;24;62;150;3;0;1;5;1;0;300;0;1068;56;0;115;1;15;69;27;0;7;1;23;0;2;1;61;1764;0;0;0;195;0;1;0;0;0;9;1;10;30;412;0;1;0;0;1;1;0;299;303;0;76;1;6;1;604;0;3;684;0;8;85;19;0;1901;0;0;7;0;0;101;0;30;8;0;1737;437;1;21;41;30;0;2;11;0;0;3;13;12;3;15;0;21;171;261;3
2014-12-31 23:00:00;747;123;128;367;52;4;0;91;42;346;1;0;41;0;62;4;28;3;0;157;0;1;1;11;18;2;0;380;0;59;0;0;9;0;0;4;0;0;6923;0;0;0;0;3;4;385;466;120;0;2;2;235;127;0;1;1;25;0;363;168;0;6;26;2;1;47;20;1;63;2;4;30;0;14;11;5;0;4;164;1;2;405;3;3;1;0;0;2;42;39;168;0;0;0;4;1;0;177;0;699;31;0;75;0;9;82;14;7;3;0;12;0;2;2;37;908;0;0;0;120;0;0;0;1;0;8;3;10;36;173;0;2;1;0;0;2;0;188;244;0;55;0;13;0;813;0;3;1277;0;0;146;40;0;3819;5;0;7;0;0;63;0;35;2;0;733;333;0;33;208;87;0;6;9;0;0;1;13;4;4;5;0;56;309;260;3
2015-12-31 23:00:00;7831;91;451;326;38;6;0;52;35;599;0;1;74;0;54;0;26;0;0;116;0;0;1;4;19;15;0;586;0;94;0;0;1;0;0;12;0;0;9966;0;0;0;1;3;5;968;404;94;0;0;0;274;107;0;1;0;16;0;2388;623;0;2;10;1;0;50;11;1;58;0;0;9;0;9;11;12;0;7;159;0;4;566;6;6;0;1;0;2;25;23;140;2;0;0;1;0;0;151;0;419;23;1;177;1;21;132;17;2;6;0;4;0;1;3;29;970;0;0;0;262;0;0;0;0;4;5;1;12;20;205;0;1;0;0;0;2;0;402;200;0;60;0;3;2;1253;0;0;1878;0;0;277;19;0;4745;3;0;5;0;0;60;0;26;2;0;326;424;0;38;243;6;0;4;14;0;0;1;6;2;7;7;0;25;380;238;0
2016-12-31 23:00:00;3229;56;157;557;62;1;0;54;28;1036;1;0;28;0;65;1;18;2;0;80;0;4;1;2;38;19;0;350;0;347;0;0;5;0;1;8;1;2;5178;0;0;0;0;6;1;1054;465;87;1;1;2;900;96;0;4;1;42;0;1312;561;0;6;10;1;0;48;6;2;254;1;0;5;0;4;2;32;0;4;176;1;0;249;1;3;8;0;0;0;45;36;210;1;2;4;1;0;0;195;0;823;19;0;143;1;25;73;7;1;4;0;6;0;1;2;26;1106;0;0;1;167;1;0;0;1;2;6;2;8;6;185;0;0;0;0;0;6;1;299;280;0;148;0;1;1;1581;0;2;1373;0;0;225;16;0;2144;10;0;2;0;0;63;2;21;2;0;252;526;1;12;96;2;0;5;2;1;0;3;9;6;19;6;0;9;144;150;0
2017-12-31 23:00:00;1217;53;137;553;81;0;0;72;68;349;0;2;11;0;60;0;11;0;0;59;0;2;1;8;31;33;0;267;0;348;1;0;4;0;1;6;0;17;3375;2;0;0;0;8;5;387;670;64;3;0;1;797;60;0;3;0;38;4;653;318;0;2;10;0;3;38;1;3;216;0;1;16;0;6;2;31;0;9;147;1;4;137;2;9;0;0;0;2;20;30;148;1;0;0;0;1;0;122;0;459;20;0;89;0;13;27;9;0;3;0;3;0;0;1;20;700;1;0;1;145;1;0;0;1;0;3;1;6;10;155;0;0;0;0;0;6;1;131;171;0;113;0;0;1;843;0;3;840;0;4;87;9;0;1951;12;1;1;0;0;68;0;17;6;0;206;852;0;17;76;4;0;3;9;0;0;24;3;8;16;3;0;11;77;104;0
2018-12-31 23:00:00;1186;31;95;747;81;5;0;45;107;247;0;0;19;0;60;0;10;0;0;54;0;3;0;2;13;29;0;287;0;84;0;0;11;0;0;4;0;7;2825;0;1;0;2;7;3;189;873;38;2;0;0;217;28;0;0;6;37;0;611;504;0;6;8;1;1;29;7;1;65;3;0;2;0;5;1;64;1;1;102;0;1;112;1;5;1;0;0;1;21;4;161;2;0;0;0;1;1;43;0;475;7;0;65;4;3;47;7;4;4;0;2;0;13;2;10;511;0;0;1;132;0;0;0;4;0;4;1;6;13;173;0;1;0;0;0;7;0;63;112;0;23;0;4;1;561;0;6;652;0;5;34;10;0;1393;9;0;4;0;0;43;0;8;7;0;281;1005;0;18;61;3;1;12;0;0;0;42;0;1;2;0;0;13;116;148;0
2019-12-31 23:00:00;1397;44;134;826;63;2;0;40;92;171;1;1;12;0;31;0;6;0;0;44;0;2;1;3;6;29;3;261;1;37;0;0;6;0;1;3;2;10;2899;0;0;0;0;2;3;119;601;32;1;2;0;131;19;0;3;5;20;0;550;539;0;1;8;6;1;17;5;0;53;3;0;13;0;7;1;121;0;3;88;0;0;106;2;7;0;0;0;0;19;9;120;0;0;0;0;0;0;26;0;345;6;1;29;5;56;25;7;1;0;0;8;1;12;1;8;354;0;0;3;98;0;0;0;1;0;4;0;4;10;152;0;0;0;0;0;5;1;38;167;0;12;0;3;2;427;0;8;721;0;1;41;5;0;1100;8;0;4;0;0;25;0;11;2;0;152;1287;0;15;54;5;0;11;2;0;0;41;7;7;5;6;0;16;88;90;0
2020-12-31 23:00:00;885;17;49;528;64;1;1;13;5;94;0;1;3;0;17;0;8;0;0;12;0;6;0;1;4;16;0;114;0;20;0;0;3;0;0;1;1;14;1204;0;0;0;0;6;1;23;153;9;0;2;0;45;4;1;3;1;5;0;187;208;0;5;6;3;0;16;3;3;29;1;0;6;0;1;1;59;0;3;74;0;3;52;2;5;0;0;0;0;8;1;69;1;0;0;0;1;0;4;0;212;3;0;27;1;38;15;1;0;8;0;5;0;3;1;1;112;0;0;0;38;0;0;0;0;2;2;0;0;3;49;0;0;0;0;0;3;0;9;34;0;2;0;2;0;191;0;1;307;0;0;21;1;0;562;1;1;0;0;0;9;0;3;5;0;90;643;0;8;19;0;0;1;0;0;0;12;4;4;2;2;0;2;31;45;0
